t,J1,J2,J3,J4,J5,J6,J1_dot,J2_dot,J3_dot,J4_dot,J5_dot,J6_dot  (deg & deg/s, iLQR servoj swing 2-DOF, J2_lock=25.6°, dt=0.01s, rows=101, total=1.01s)
0.00000,-148.05501,25.58244,61.29968,0.00000,-66.90405,-92.76245,0.00000,0.00000,0.00000,0.00000,0.00000,0.00000
0.01000,-148.05501,25.58244,61.25390,-0.00000,-66.36465,-92.76245,0.00000,-0.00001,-4.57779,-0.00000,53.93906,0.00000
0.02000,-148.05501,25.58244,61.17295,-0.00000,-65.42512,-92.76245,-0.00000,0.00000,-8.09578,0.00000,93.95362,-0.00000
0.03000,-148.05501,25.58244,61.06413,-0.00000,-64.18152,-92.76245,-0.00000,0.00000,-10.88139,0.00000,124.35946,-0.00000
0.04000,-148.05501,25.58244,60.93285,-0.00000,-62.70289,-92.76245,-0.00000,0.00000,-13.12803,0.00000,147.86372,-0.00000
0.05000,-148.05501,25.58244,60.78344,-0.00000,-61.04247,-92.76245,-0.00000,0.00000,-14.94070,0.00000,166.04193,-0.00000
0.06000,-148.05501,25.58244,60.61988,0.00000,-59.24673,-92.76245,-0.00000,0.00000,-16.35638,0.00000,179.57357,0.00000
0.07000,-148.05501,25.58244,60.44641,-0.00000,-57.36386,-92.76245,0.00000,-0.00001,-17.34670,-0.00000,188.28673,0.00000
0.08000,-148.05501,25.58244,60.26838,-0.00000,-55.45386,-92.76245,-0.00000,0.00000,-17.80339,0.00000,191.00001,0.00000
0.09000,-148.05501,25.58244,60.08874,-0.00000,-53.54386,-92.76245,-0.00000,0.00000,-17.96404,0.00000,191.00001,-0.00000
0.10000,-148.05501,25.58244,59.90837,-0.00000,-51.63386,-92.76245,-0.00000,-0.00000,-18.03718,0.00000,191.00002,0.00000
0.11000,-148.05501,25.58244,59.72811,-0.00000,-49.72386,-92.76245,-0.00000,-0.00000,-18.02599,-0.00000,191.00002,-0.00000
0.12000,-148.05501,25.58244,59.54877,-0.00000,-47.81386,-92.76245,0.00000,0.00000,-17.93351,0.00000,191.00002,-0.00000
0.13000,-148.05501,25.58244,59.37115,-0.00000,-45.90386,-92.76245,0.00000,0.00000,-17.76271,0.00000,191.00002,0.00000
0.14000,-148.05501,25.58244,59.19598,-0.00000,-43.99386,-92.76245,0.00000,0.00000,-17.51644,0.00000,191.00003,-0.00000
0.15000,-148.05501,25.58244,59.02401,-0.00000,-42.08386,-92.76245,0.00000,0.00000,-17.19745,0.00000,191.00003,-0.00000
0.16000,-148.05501,25.58244,58.85592,-0.00000,-40.17386,-92.76245,0.00000,0.00000,-16.80840,0.00000,191.00003,-0.00000
0.17000,-148.05501,25.58244,58.69240,-0.00000,-38.26386,-92.76245,0.00000,0.00000,-16.35186,0.00000,191.00003,-0.00000
0.18000,-148.05501,25.58244,58.53410,-0.00000,-36.35386,-92.76245,-0.00000,0.00000,-15.83026,0.00000,191.00003,-0.00000
0.19000,-148.05501,25.58244,58.38164,-0.00000,-34.44386,-92.76245,-0.00000,0.00000,-15.24597,0.00000,191.00004,-0.00000
0.20000,-148.05501,25.58244,58.23563,-0.00000,-32.53386,-92.76245,-0.00000,0.00000,-14.60125,0.00000,191.00004,-0.00000
0.21000,-148.05501,25.58244,58.09665,-0.00000,-30.62386,-92.76245,-0.00000,0.00000,-13.89825,0.00000,191.00004,-0.00000
0.22000,-148.05501,25.58244,57.96526,-0.00000,-28.71386,-92.76245,-0.00000,0.00000,-13.13904,0.00000,191.00004,-0.00000
0.23000,-148.05501,25.58244,57.84200,-0.00000,-26.80386,-92.76245,-0.00000,0.00000,-12.32559,0.00000,191.00004,-0.00000
0.24000,-148.05501,25.58244,57.72740,-0.00000,-24.89386,-92.76245,-0.00000,0.00000,-11.45979,0.00000,191.00004,-0.00000
0.25000,-148.05501,25.58244,57.62197,-0.00000,-22.98386,-92.76245,-0.00000,0.00000,-10.54343,0.00000,191.00005,-0.00000
0.26000,-148.05501,25.58244,57.52619,-0.00000,-21.07386,-92.76245,-0.00000,0.00000,-9.57821,0.00000,191.00005,-0.00000
0.27000,-148.05501,25.58244,57.44053,-0.00000,-19.16386,-92.76245,-0.00000,0.00000,-8.56575,0.00000,191.00005,-0.00000
0.28000,-148.05501,25.58244,57.36545,-0.00000,-17.25386,-92.76245,0.00000,0.00000,-7.50761,0.00000,191.00005,-0.00000
0.29000,-148.05501,25.58244,57.30140,-0.00000,-15.34386,-92.76245,0.00000,0.00000,-6.40524,0.00000,191.00005,-0.00000
0.30000,-148.05501,25.58244,57.24880,0.00000,-13.43386,-92.76245,0.00000,0.00000,-5.26003,0.00000,191.00005,-0.00000
0.31000,-148.05501,25.58244,57.20807,0.00000,-11.52386,-92.76245,0.00000,0.00000,-4.07330,0.00000,191.00005,-0.00000
0.32000,-148.05501,25.58244,57.17960,0.00000,-9.61386,-92.76245,0.00000,-0.00000,-2.84629,0.00000,191.00005,-0.00000
0.33000,-148.05501,25.58244,57.16380,0.00000,-7.70385,-92.76245,0.00000,-0.00000,-1.58018,0.00000,191.00005,-0.00000
0.34000,-148.05501,25.58244,57.16104,0.00000,-5.79385,-92.76245,0.00000,-0.00000,-0.27607,0.00000,191.00005,-0.00000
0.35000,-148.05501,25.58244,57.17169,0.00000,-3.88385,-92.76245,0.00000,-0.00000,1.06499,0.00000,191.00005,-0.00000
0.36000,-148.05501,25.58244,57.19611,0.00000,-1.97385,-92.76245,0.00000,-0.00000,2.44201,0.00000,191.00005,-0.00000
0.37000,-148.05501,25.58244,57.23465,0.00000,-0.06385,-92.76245,0.00000,-0.00000,3.85407,0.00000,191.00005,-0.00000
0.38000,-148.05501,25.58244,57.28765,0.00000,1.84615,-92.76245,0.00000,-0.00000,5.30030,0.00000,191.00005,-0.00000
0.39000,-148.05501,25.58244,57.35545,0.00000,3.75615,-92.76245,0.00000,-0.00000,6.77989,0.00000,191.00005,-0.00000
0.40000,-148.05501,25.58244,57.43837,0.00000,5.66615,-92.76245,0.00000,-0.00000,8.29207,0.00000,191.00005,-0.00000
0.41000,-148.05501,25.58244,57.53674,0.00000,7.57615,-92.76245,0.00000,-0.00000,9.83615,0.00000,191.00005,-0.00000
0.42000,-148.05501,25.58244,57.65085,0.00000,9.48615,-92.76245,0.00000,-0.00000,11.41146,0.00000,191.00005,-0.00000
0.43000,-148.05501,25.58244,57.78102,0.00000,11.39615,-92.76245,0.00000,-0.00000,13.01740,0.00000,191.00005,-0.00000
0.44000,-148.05501,25.58244,57.92756,0.00000,13.30615,-92.76245,0.00000,-0.00000,14.65342,0.00000,191.00005,-0.00000
0.45000,-148.05501,25.58244,58.09075,0.00000,15.21615,-92.76245,0.00000,-0.00000,16.31900,0.00000,191.00005,-0.00000
0.46000,-148.05501,25.58244,58.27089,0.00000,17.12615,-92.76245,0.00000,-0.00000,18.01368,0.00000,191.00005,0.00000
0.47000,-148.05501,25.58244,58.46826,0.00000,19.03615,-92.76245,0.00000,-0.00000,19.73704,0.00000,191.00005,-0.00000
0.48000,-148.05501,25.58244,58.68314,0.00000,20.94615,-92.76245,0.00000,-0.00000,21.48873,0.00000,191.00005,0.00000
0.49000,-148.05501,25.58244,58.91583,0.00000,22.85615,-92.76245,0.00000,-0.00000,23.26841,0.00000,191.00004,0.00000
0.50000,-148.05501,25.58244,59.16659,0.00000,24.76615,-92.76245,0.00000,-0.00000,25.07582,0.00000,191.00004,-0.00000
0.51000,-148.05501,25.58244,59.43569,0.00000,26.67615,-92.76245,0.00000,-0.00000,26.91073,0.00000,191.00004,0.00000
0.52000,-148.05501,25.58244,59.72342,0.00000,28.58615,-92.76245,0.00000,-0.00000,28.77297,0.00000,191.00004,0.00000
0.53000,-148.05501,25.58244,60.03005,0.00000,30.49615,-92.76245,0.00000,-0.00000,30.66242,0.00000,191.00004,0.00000
0.54000,-148.05501,25.58244,60.35584,0.00000,32.40616,-92.76245,0.00000,-0.00000,32.57901,0.00000,191.00004,0.00000
0.55000,-148.05501,25.58244,60.70106,0.00000,34.31616,-92.76245,0.00000,-0.00000,34.52273,0.00000,191.00004,0.00000
0.56000,-148.05501,25.58244,61.06600,0.00000,36.22616,-92.76245,0.00000,-0.00000,36.49364,0.00000,191.00003,0.00000
0.57000,-148.05501,25.58244,61.45092,0.00000,38.13616,-92.76245,0.00000,-0.00000,38.49183,0.00000,191.00003,0.00000
0.58000,-148.05501,25.58244,61.85609,0.00000,40.04616,-92.76245,0.00000,-0.00000,40.51751,0.00000,191.00003,0.00000
0.59000,-148.05501,25.58244,62.28180,0.00000,41.95616,-92.76245,0.00000,-0.00000,42.57091,0.00000,191.00003,0.00000
0.60000,-148.05501,25.58244,62.72833,0.00000,43.86616,-92.76245,0.00000,-0.00000,44.65236,0.00000,191.00003,0.00000
0.61000,-148.05501,25.58244,63.19595,0.00000,45.77616,-92.76245,0.00000,-0.00000,46.76229,0.00000,191.00002,0.00000
0.62000,-148.05501,25.58244,63.68496,0.00000,47.68616,-92.76245,0.00000,-0.00000,48.90120,0.00000,191.00002,0.00000
0.63000,-148.05501,25.58244,64.19566,0.00000,49.59616,-92.76245,0.00000,-0.00000,51.06969,0.00000,191.00002,0.00000
0.64000,-148.05501,25.58244,64.72834,0.00000,51.50616,-92.76245,0.00000,-0.00000,53.26849,0.00000,191.00002,0.00000
0.65000,-148.05501,25.58244,65.28333,0.00000,53.41616,-92.76245,0.00000,-0.00001,55.49844,0.00000,191.00001,0.00000
0.66000,-148.05501,25.58244,65.86093,0.00000,55.32616,-92.76245,-0.00000,0.00000,57.76044,-0.00000,191.00000,-0.00000
0.67000,-148.05501,25.58244,66.46223,-0.00000,57.21398,-92.76245,-0.00000,0.00001,60.13030,-0.00000,188.78178,-0.00000
0.68000,-148.05501,25.58244,67.08842,-0.00000,59.04723,-92.76245,0.00000,-0.00000,62.61817,0.00000,183.32523,-0.00000
0.69000,-148.05501,25.58244,67.74008,-0.00000,60.80204,-92.76245,0.00000,-0.00000,65.16667,0.00000,175.48077,0.00000
0.70000,-148.05501,25.58244,68.41745,-0.00000,62.46057,-92.76245,0.00000,-0.00000,67.73648,0.00000,165.85326,0.00000
0.71000,-148.05501,25.58244,69.12046,0.00000,64.00939,-92.76245,0.00000,-0.00000,70.30122,0.00000,154.88222,0.00000
0.72000,-148.05501,25.58244,69.84890,0.00000,65.43834,-92.76245,0.00000,-0.00000,72.84393,0.00000,142.89536,0.00000
0.73000,-148.05501,25.58244,70.60245,0.00000,66.73979,-92.76245,0.00000,-0.00000,75.35468,0.00000,130.14466,0.00000
0.74000,-148.05501,25.58244,71.38073,0.00000,67.90810,-92.76245,0.00000,-0.00000,77.82882,0.00000,116.83045,0.00000
0.75000,-148.05501,25.58244,72.18339,0.00000,68.93927,-92.76245,0.00000,-0.00000,80.26584,0.00000,103.11741,0.00000
0.76000,-148.05501,25.58244,73.01008,0.00000,69.83072,-92.76245,0.00000,-0.00000,82.66838,0.00000,89.14513,0.00000
0.77000,-148.05501,25.58244,73.86049,0.00000,70.58107,-92.76245,-0.00000,-0.00000,85.04166,0.00000,75.03504,0.00000
0.78000,-148.05501,25.58244,74.73442,0.00000,71.19002,-92.76245,-0.00000,-0.00000,87.39289,0.00000,60.89481,0.00000
0.79000,-148.05501,25.58244,75.63173,0.00000,71.65823,-92.76245,-0.00000,-0.00000,89.73082,0.00000,46.82111,0.00000
0.80000,-148.05501,25.58244,76.55239,0.00000,71.98724,-92.76245,-0.00000,-0.00000,92.06547,-0.00000,32.90120,0.00000
0.81000,-148.05501,25.58244,77.49646,0.00000,72.17938,-92.76245,-0.00000,-0.00000,94.40772,-0.00000,19.21369,0.00000
0.82000,-148.05501,25.58244,78.46415,0.00000,72.23767,-92.76245,-0.00000,0.00000,96.76914,-0.00000,5.82873,0.00000
0.83000,-148.05501,25.58244,79.45577,0.00000,72.16574,-92.76245,-0.00000,0.00000,99.16175,-0.00000,-7.19228,0.00000
0.84000,-148.05501,25.58244,80.47175,0.00000,71.96777,-92.76245,-0.00000,0.00000,101.59786,-0.00000,-19.79739,0.00000
0.85000,-148.05501,25.58244,81.51265,0.00000,71.64832,-92.76245,-0.00000,0.00000,104.08997,-0.00000,-31.94518,0.00000
0.86000,-148.05501,25.58244,82.57916,0.00000,71.21225,-92.76245,-0.00000,0.00000,106.65068,-0.00000,-43.60640,0.00000
0.87000,-148.05501,25.58244,83.67208,0.00000,70.66459,-92.76245,-0.00000,0.00000,109.29268,-0.00000,-54.76617,0.00000
0.88000,-148.05501,25.58244,84.79237,0.00000,70.01032,-92.76245,-0.00000,0.00000,112.02883,-0.00000,-65.42694,0.00000
0.89000,-148.05501,25.58244,85.94109,0.00000,69.25420,-92.76245,-0.00000,-0.00000,114.87223,-0.00000,-75.61263,0.00000
0.90000,-148.05501,25.58244,87.11946,0.00000,68.40046,-92.76245,-0.00000,-0.00000,117.83647,-0.00000,-85.37412,0.00000
0.91000,-148.05501,25.58244,88.32882,0.00000,67.45249,-92.76245,0.00000,-0.00000,120.93595,0.00000,-94.79678,0.00000
0.92000,-148.05501,25.58244,89.57068,0.00000,66.41238,-92.76245,0.00000,-0.00000,124.18638,0.00000,-104.01085,0.00000
0.93000,-148.05501,25.58244,90.84674,0.00000,65.28032,-92.76245,0.00000,-0.00000,127.60552,0.00000,-113.20559,0.00000
0.94000,-148.05501,25.58244,92.15888,0.00000,64.05383,-92.76245,0.00000,-0.00000,131.21427,0.00000,-122.64911,0.00000
0.95000,-148.05501,25.58244,93.50926,0.00000,62.72667,-92.76245,-0.00000,-0.00000,135.03821,0.00000,-132.71632,0.00000
0.96000,-148.05501,25.58244,94.90036,-0.00000,61.28738,-92.76245,-0.00000,-0.00000,139.11009,-0.00000,-143.92902,0.00000
0.97000,-148.05501,25.58244,96.33511,0.00000,59.71711,-92.76245,0.00011,-0.00033,143.47461,0.00001,-157.02726,-0.00000
0.98000,-148.05493,25.58212,97.81806,0.00001,57.97513,-92.76245,0.00837,-0.03235,148.29472,0.00078,-174.19723,-0.00000
0.99000,-148.05510,25.58277,99.34940,-0.00001,56.06510,-92.76245,-0.01699,0.06479,153.13401,-0.00157,-191.00368,0.00000
1.00000,-148.05339,26.40949,99.91771,-0.00023,54.66950,-92.76052,0.17079,82.67223,56.83119,-0.02224,-139.55927,0.19254
