J1,J2,J3,J4,J5,J6  (deg, dt=0.01s, rows=501)
-148.0550,41.2913,90.8569,0.0000,137.7730,-92.7624
-148.0550,41.1492,91.1659,-0.0000,137.0825,-92.7624
-148.0550,40.8888,91.7312,0.0000,135.9858,-92.7624
-148.0550,40.5323,92.4992,0.0000,134.6855,-92.7624
-148.0550,40.1003,93.4172,0.0000,133.3355,-92.7624
-148.0550,39.6104,94.4341,0.0000,131.9854,-92.7624
-148.0550,39.0782,95.5019,0.0000,130.6353,-92.7624
-148.0550,38.5163,96.5819,0.0000,129.2853,-92.7624
-148.0550,37.9300,97.6619,0.0000,127.9353,-92.7624
-148.0550,37.3214,98.7419,0.0000,126.5853,-92.7624
-148.0550,36.6925,99.8219,0.0000,125.2346,-92.7624
-148.0550,36.0454,100.9019,0.0000,123.8863,-92.7624
-148.0550,35.3842,101.9819,0.0000,122.6030,-92.7624
-148.0550,34.7107,103.0619,0.0000,121.4487,-92.7624
-148.0550,34.0263,104.1419,0.0000,120.4648,-92.7624
-148.0550,33.3317,105.2220,0.0000,119.6667,-92.7624
-148.0550,32.6266,106.3022,0.0000,119.0405,-92.7624
-148.0550,31.9133,107.3734,0.0000,118.5779,-92.7624
-148.0550,31.1956,108.4207,0.0000,118.3108,-92.7624
-148.0550,30.4759,109.4315,0.0000,118.2471,-92.7624
-148.0550,29.7559,110.3975,-0.0000,118.4756,-92.7624
-148.0550,29.0359,111.3064,-0.0000,118.8562,-92.7625
-148.0550,28.3159,112.1450,-0.0000,119.1964,-92.7625
-148.0550,27.5963,112.9060,-0.0000,119.5151,-92.7625
-148.0550,26.8763,113.6293,-0.0000,120.1100,-92.7625
-148.0550,26.1563,114.3107,-0.0000,120.9141,-92.7624
-148.0550,25.4363,114.9467,-0.0000,121.8581,-92.7625
-148.0550,24.7163,115.5339,-0.0000,122.8826,-92.7625
-148.0550,23.9963,116.0693,-0.0000,123.9531,-92.7625
-148.0550,23.2762,116.5515,-0.0000,125.0688,-92.7625
-148.0550,22.5562,116.9790,-0.0000,126.2327,-92.7625
-148.0550,21.8362,117.3506,-0.0000,127.4388,-92.7625
-148.0550,21.1162,117.6654,-0.0000,128.6853,-92.7625
-148.0550,20.3962,117.9237,-0.0000,129.9664,-92.7625
-148.0550,19.6761,118.1254,-0.0000,131.2772,-92.7625
-148.0550,18.9561,118.2706,-0.0000,132.6098,-92.7625
-148.0550,18.2361,118.3598,-0.0000,133.9598,-92.7625
-148.0550,17.5161,118.3933,0.0000,135.3099,-92.7624
-148.0550,16.7961,118.3723,0.0000,136.6599,-92.7624
-148.0550,16.0761,118.2980,0.0000,138.0099,-92.7624
-148.0550,15.3561,118.1721,0.0000,139.3600,-92.7624
-148.0550,14.6361,117.9961,0.0000,140.7100,-92.7624
-148.0550,13.9161,117.7722,0.0000,142.0601,-92.7624
-148.0550,13.1961,117.5022,0.0000,143.4101,-92.7624
-148.0550,12.4760,117.1883,0.0000,144.7602,-92.7624
-148.0550,11.7560,116.8327,0.0000,146.1102,-92.7624
-148.0550,11.0360,116.4375,0.0000,147.4602,-92.7624
-148.0550,10.3160,116.0050,0.0000,148.8103,-92.7624
-148.0550,9.5959,115.5373,0.0000,150.1603,-92.7624
-148.0550,8.8759,115.0366,-0.0000,151.5106,-92.7624
-148.0550,8.1558,114.5041,-0.0000,152.8408,-92.7625
-148.0550,7.4357,113.9391,-0.0000,154.0918,-92.7625
-148.0550,6.7151,113.3408,0.0000,155.1815,-92.7624
-148.0550,5.9970,112.7081,0.0000,156.1486,-92.7624
-148.0550,5.2841,112.0405,0.0000,157.0223,-92.7624
-148.0550,4.5791,111.3374,0.0000,157.8231,-92.7624
-148.0550,3.8841,110.5989,-0.0000,158.5656,-92.7625
-148.0550,3.2012,109.8249,-0.0000,159.2599,-92.7625
-148.0550,2.5321,109.0159,-0.0000,159.9129,-92.7625
-148.0550,1.8784,108.1727,-0.0000,160.5293,-92.7625
-148.0550,1.2416,107.2964,-0.0000,161.1125,-92.7625
-148.0550,0.6228,106.3882,-0.0000,161.6647,-92.7625
-148.0550,0.0229,105.4499,-0.0000,162.1878,-92.7625
-148.0550,-0.5572,104.4834,-0.0000,162.6839,-92.7625
-148.0550,-1.1171,103.4910,-0.0000,163.1555,-92.7625
-148.0550,-1.6564,102.4753,-0.0000,163.6060,-92.7625
-148.0550,-2.1749,101.4393,-0.0000,164.0411,-92.7625
-148.0550,-2.6728,100.3863,-0.0000,164.4691,-92.7625
-148.0550,-3.1502,99.3200,-0.0000,164.9029,-92.7625
-148.0550,-3.6075,98.2443,-0.0000,165.3584,-92.7625
-148.0550,-4.0454,97.1643,-0.0000,165.8656,-92.7625
-148.0550,-4.4643,96.0843,-0.0000,166.4543,-92.7625
-148.0550,-4.8645,95.0043,-0.0000,167.1055,-92.7625
-148.0550,-5.2463,93.9243,-0.0000,167.8039,-92.7625
-148.0550,-5.6098,92.8442,-0.0000,168.5367,-92.7625
-148.0550,-5.9555,91.7642,-0.0000,169.2940,-92.7625
-148.0550,-6.2834,90.6842,-0.0000,170.0682,-92.7625
-148.0550,-6.5939,89.6042,-0.0000,170.8532,-92.7625
-148.0550,-6.8872,88.5242,-0.0000,171.6439,-92.7625
-148.0550,-7.1636,87.4442,-0.0000,172.4365,-92.7625
-148.0550,-7.4234,86.3641,-0.0000,173.2276,-92.7625
-148.0550,-7.6667,85.2841,-0.0000,174.0146,-92.7625
-148.0550,-7.8940,84.2041,-0.0000,174.7954,-92.7625
-148.0550,-8.1055,83.1241,-0.0000,175.5682,-92.7625
-148.0550,-8.3014,82.0441,-0.0000,176.3315,-92.7625
-148.0550,-8.4822,80.9641,-0.0000,177.0842,-92.7625
-148.0550,-8.6480,79.8841,-0.0000,177.8252,-92.7625
-148.0550,-8.7993,78.8040,-0.0000,178.5537,-92.7625
-148.0550,-8.9363,77.7240,-0.0000,179.2690,-92.7625
-148.0550,-9.0592,76.6440,-0.0000,179.9706,-92.7625
-148.0550,-9.1685,75.5640,-0.0000,180.6578,-92.7625
-148.0550,-9.2645,74.4840,-0.0000,181.3304,-92.7625
-148.0550,-9.3473,73.4040,-0.0000,181.9880,-92.7625
-148.0550,-9.4174,72.3240,-0.0000,182.6303,-92.7625
-148.0550,-9.4751,71.2439,-0.0000,183.2571,-92.7625
-148.0550,-9.5206,70.1639,-0.0000,183.8683,-92.7625
-148.0550,-9.5543,69.0839,-0.0000,184.4637,-92.7625
-148.0550,-9.5764,68.0039,-0.0000,185.0434,-92.7625
-148.0550,-9.5872,66.9239,-0.0000,185.6071,-92.7625
-148.0550,-9.5871,65.8439,-0.0000,186.1549,-92.7625
-148.0550,-9.5762,64.7639,-0.0000,186.6867,-92.7625
-148.0550,-9.5550,63.6839,-0.0000,187.2026,-92.7625
-148.0550,-9.5236,62.6039,-0.0000,187.7028,-92.7625
-148.0550,-9.4823,61.5238,-0.0000,188.1871,-92.7624
-148.0550,-9.4314,60.4438,-0.0000,188.6559,-92.7624
-148.0550,-9.3712,59.3638,-0.0000,189.1091,-92.7624
-148.0550,-9.3019,58.2838,-0.0000,189.5468,-92.7624
-148.0550,-9.2237,57.2038,-0.0000,189.9693,-92.7624
-148.0550,-9.1370,56.1238,-0.0000,190.3765,-92.7624
-148.0550,-9.0418,55.0438,-0.0000,190.7686,-92.7624
-148.0550,-8.9386,53.9638,0.0000,191.1457,-92.7624
-148.0550,-8.8275,52.8838,0.0000,191.5079,-92.7624
-148.0550,-8.7086,51.8038,0.0000,191.8553,-92.7624
-148.0550,-8.5824,50.7237,0.0000,192.1878,-92.7624
-148.0550,-8.4489,49.6437,0.0000,192.5055,-92.7624
-148.0550,-8.3084,48.5637,0.0000,192.8083,-92.7624
-148.0550,-8.1610,47.4837,0.0000,193.0960,-92.7624
-148.0550,-8.0071,46.4037,0.0000,193.3683,-92.7624
-148.0550,-7.8467,45.3237,0.0000,193.6247,-92.7624
-148.0550,-7.6802,44.2437,0.0000,193.8645,-92.7624
-148.0550,-7.5077,43.1637,0.0000,194.0869,-92.7624
-148.0550,-7.3293,42.0837,0.0000,194.2911,-92.7624
-148.0550,-7.1453,41.0037,0.0000,194.4759,-92.7624
-148.0550,-6.9560,39.9236,0.0000,194.6393,-92.7624
-148.0550,-6.7614,38.8436,0.0000,194.7802,-92.7624
-148.0550,-6.5617,37.7632,0.0000,194.8947,-92.7624
-148.0550,-6.3572,36.6828,0.0000,194.9820,-92.7624
-148.0550,-6.1477,35.6013,0.0000,195.0354,-92.7624
-148.0550,-5.9344,34.5216,0.0000,195.0618,-92.7624
-148.0550,-5.7183,33.4465,0.0000,195.0671,-92.7624
-148.0550,-5.5003,32.3787,0.0000,195.0557,-92.7624
-148.0550,-5.2814,31.3206,0.0000,195.0310,-92.7624
-148.0550,-5.0624,30.2742,0.0000,194.9958,-92.7624
-148.0550,-4.8441,29.2417,0.0000,194.9520,-92.7624
-148.0550,-4.6272,28.2248,0.0000,194.9012,-92.7624
-148.0550,-4.4125,27.2252,0.0000,194.8446,-92.7624
-148.0550,-4.2006,26.2443,0.0000,194.7829,-92.7624
-148.0550,-3.9920,25.2833,0.0000,194.7170,-92.7624
-148.0550,-3.7872,24.3434,0.0000,194.6471,-92.7624
-148.0550,-3.5867,23.4256,-0.0000,194.5737,-92.7624
-148.0550,-3.3909,22.5307,-0.0000,194.4970,-92.7624
-148.0550,-3.2002,21.6592,-0.0000,194.4172,-92.7624
-148.0550,-3.0147,20.8118,-0.0000,194.3343,-92.7624
-148.0550,-2.8347,19.9889,-0.0000,194.2485,-92.7624
-148.0550,-2.6606,19.1906,-0.0000,194.1598,-92.7624
-148.0550,-2.4923,18.4171,-0.0000,194.0683,-92.7624
-148.0550,-2.3299,17.6686,-0.0000,193.9739,-92.7624
-148.0550,-2.1737,16.9449,-0.0000,193.8768,-92.7624
-148.0550,-2.0236,16.2459,-0.0000,193.7770,-92.7624
-148.0550,-1.8795,15.5714,-0.0000,193.6745,-92.7624
-148.0550,-1.7416,14.9212,-0.0000,193.5694,-92.7624
-148.0550,-1.6097,14.2947,-0.0000,193.4618,-92.7624
-148.0550,-1.4837,13.6918,-0.0000,193.3517,-92.7624
-148.0550,-1.3637,13.1118,-0.0000,193.2391,-92.7624
-148.0550,-1.2493,12.5543,-0.0000,193.1242,-92.7624
-148.0550,-1.1407,12.0187,-0.0000,193.0071,-92.7624
-148.0550,-1.0375,11.5046,-0.0000,192.8878,-92.7624
-148.0550,-0.9396,11.0113,-0.0000,192.7665,-92.7624
-148.0550,-0.8470,10.5383,-0.0000,192.6433,-92.7624
-148.0550,-0.7594,10.0848,0.0000,192.5182,-92.7624
-148.0550,-0.6766,9.6504,0.0000,192.3913,-92.7624
-148.0550,-0.5985,9.2343,0.0000,192.2629,-92.7624
-148.0550,-0.5250,8.8360,0.0000,192.1329,-92.7624
-148.0550,-0.4558,8.4548,0.0000,192.0016,-92.7624
-148.0550,-0.3908,8.0901,0.0000,191.8689,-92.7624
-148.0550,-0.3298,7.7413,0.0000,191.7350,-92.7624
-148.0550,-0.2726,7.4078,0.0000,191.6001,-92.7624
-148.0550,-0.2191,7.0890,0.0000,191.4642,-92.7624
-148.0550,-0.1690,6.7844,0.0000,191.3274,-92.7624
-148.0550,-0.1223,6.4933,0.0000,191.1899,-92.7624
-148.0550,-0.0788,6.2151,0.0000,191.0516,-92.7624
-148.0550,-0.0383,5.9495,0.0000,190.9128,-92.7624
-148.0550,-0.0006,5.6958,0.0000,190.7735,-92.7624
-148.0550,0.0343,5.4535,0.0000,190.6337,-92.7624
-148.0550,0.0666,5.2221,0.0000,190.4936,-92.7624
-148.0550,0.0965,5.0012,0.0000,190.3532,-92.7624
-148.0550,0.1241,4.7904,0.0000,190.2127,-92.7624
-148.0550,0.1495,4.5891,0.0000,190.0720,-92.7624
-148.0550,0.1728,4.3969,0.0000,189.9313,-92.7624
-148.0550,0.1942,4.2134,0.0000,189.7906,-92.7624
-148.0550,0.2137,4.0383,0.0000,189.6500,-92.7624
-148.0550,0.2315,3.8711,0.0000,189.5095,-92.7624
-148.0550,0.2476,3.7115,0.0000,189.3691,-92.7624
-148.0550,0.2623,3.5592,0.0000,189.2290,-92.7624
-148.0550,0.2754,3.4138,0.0000,189.0892,-92.7624
-148.0550,0.2873,3.2749,0.0000,188.9497,-92.7624
-148.0550,0.2978,3.1423,0.0000,188.8106,-92.7624
-148.0550,0.3072,3.0157,0.0000,188.6718,-92.7624
-148.0550,0.3154,2.8948,0.0000,188.5335,-92.7624
-148.0550,0.3226,2.7794,0.0000,188.3956,-92.7624
-148.0550,0.3289,2.6691,0.0000,188.2583,-92.7624
-148.0550,0.3342,2.5638,0.0000,188.1214,-92.7624
-148.0550,0.3387,2.4631,0.0000,187.9851,-92.7624
-148.0550,0.3424,2.3669,0.0000,187.8494,-92.7624
-148.0550,0.3453,2.2750,0.0000,187.7143,-92.7624
-148.0550,0.3476,2.1872,0.0000,187.5798,-92.7624
-148.0550,0.3493,2.1032,0.0000,187.4459,-92.7624
-148.0550,0.3504,2.0229,0.0000,187.3127,-92.7624
-148.0550,0.3509,1.9461,0.0000,187.1801,-92.7624
-148.0550,0.3510,1.8726,0.0000,187.0482,-92.7624
-148.0550,0.3505,1.8023,0.0000,186.9170,-92.7624
-148.0550,0.3497,1.7351,0.0000,186.7865,-92.7624
-148.0550,0.3485,1.6707,0.0000,186.6568,-92.7624
-148.0550,0.3469,1.6091,0.0000,186.5277,-92.7624
-148.0550,0.3451,1.5500,0.0000,186.3993,-92.7624
-148.0550,0.3429,1.4935,0.0000,186.2717,-92.7624
-148.0550,0.3405,1.4394,0.0000,186.1448,-92.7624
-148.0550,0.3378,1.3875,0.0000,186.0187,-92.7624
-148.0550,0.3349,1.3377,0.0000,185.8933,-92.7624
-148.0550,0.3318,1.2900,0.0000,185.7686,-92.7624
-148.0550,0.3286,1.2442,0.0000,185.6447,-92.7624
-148.0550,0.3252,1.2004,0.0000,185.5215,-92.7624
-148.0550,0.3217,1.1582,0.0000,185.3991,-92.7624
-148.0550,0.3180,1.1178,0.0000,185.2774,-92.7624
-148.0550,0.3143,1.0790,0.0000,185.1565,-92.7624
-148.0550,0.3105,1.0417,0.0000,185.0363,-92.7624
-148.0550,0.3066,1.0058,0.0000,184.9169,-92.7624
-148.0550,0.3027,0.9714,0.0000,184.7981,-92.7624
-148.0550,0.2988,0.9383,0.0000,184.6802,-92.7624
-148.0550,0.2948,0.9065,0.0000,184.5629,-92.7624
-148.0550,0.2908,0.8758,0.0000,184.4464,-92.7624
-148.0550,0.2868,0.8463,0.0000,184.3305,-92.7624
-148.0550,0.2828,0.8180,0.0000,184.2154,-92.7624
-148.0550,0.2788,0.7906,0.0000,184.1010,-92.7624
-148.0550,0.2748,0.7643,0.0000,183.9873,-92.7624
-148.0550,0.2708,0.7390,0.0000,183.8743,-92.7624
-148.0550,0.2669,0.7145,0.0000,183.7620,-92.7624
-148.0550,0.2631,0.6909,0.0000,183.6504,-92.7624
-148.0550,0.2592,0.6682,0.0000,183.5394,-92.7624
-148.0550,0.2555,0.6463,0.0000,183.4291,-92.7624
-148.0550,0.2518,0.6251,0.0000,183.3195,-92.7624
-148.0550,0.2481,0.6047,0.0000,183.2105,-92.7624
-148.0550,0.2445,0.5849,0.0000,183.1021,-92.7624
-148.0550,0.2410,0.5659,0.0000,182.9944,-92.7624
-148.0550,0.2376,0.5475,0.0000,182.8874,-92.7624
-148.0550,0.2342,0.5297,0.0000,182.7809,-92.7624
-148.0550,0.2310,0.5125,0.0000,182.6750,-92.7624
-148.0550,0.2278,0.4958,0.0000,182.5698,-92.7624
-148.0550,0.2247,0.4797,0.0000,182.4651,-92.7624
-148.0550,0.2217,0.4642,0.0000,182.3610,-92.7624
-148.0550,0.2188,0.4491,0.0000,182.2575,-92.7624
-148.0550,0.2160,0.4345,0.0000,182.1545,-92.7624
-148.0550,0.2132,0.4204,0.0000,182.0521,-92.7624
-148.0550,0.2106,0.4067,0.0000,181.9503,-92.7624
-148.0550,0.2081,0.3935,0.0000,181.8490,-92.7624
-148.0550,0.2057,0.3807,0.0000,181.7482,-92.7624
-148.0550,0.2034,0.3682,0.0000,181.6479,-92.7624
-148.0550,0.2012,0.3562,0.0000,181.5481,-92.7624
-148.0550,0.1991,0.3446,0.0000,181.4488,-92.7624
-148.0550,0.1971,0.3333,0.0000,181.3500,-92.7624
-148.0550,0.1952,0.3223,0.0000,181.2517,-92.7624
-148.0550,0.1934,0.3117,0.0000,181.1538,-92.7624
-148.0550,0.1917,0.3015,0.0000,181.0564,-92.7624
-148.0550,0.1902,0.2915,0.0000,180.9594,-92.7624
-148.0550,0.1887,0.2819,0.0000,180.8629,-92.7624
-148.0550,0.1874,0.2726,0.0000,180.7668,-92.7624
-148.0550,0.1862,0.2636,0.0000,180.6710,-92.7624
-148.0550,0.1851,0.2548,0.0000,180.5757,-92.7624
-148.0550,0.1841,0.2464,0.0000,180.4808,-92.7624
-148.0550,0.1832,0.2382,0.0000,180.3863,-92.7624
-148.0550,0.1824,0.2303,0.0000,180.2921,-92.7624
-148.0550,0.1818,0.2227,0.0000,180.1983,-92.7624
-148.0550,0.1813,0.2153,-0.0000,180.1049,-92.7624
-148.0550,0.1809,0.2082,-0.0000,180.0118,-92.7624
-148.0550,0.1806,0.2014,-0.0000,179.9190,-92.7624
-148.0550,0.1804,0.1948,-0.0000,179.8265,-92.7624
-148.0550,0.1803,0.1884,-0.0000,179.7343,-92.7624
-148.0550,0.1804,0.1823,-0.0000,179.6425,-92.7624
-148.0550,0.1806,0.1765,-0.0000,179.5509,-92.7624
-148.0550,0.1809,0.1709,-0.0000,179.4596,-92.7624
-148.0550,0.1813,0.1655,-0.0000,179.3685,-92.7624
-148.0550,0.1818,0.1604,-0.0000,179.2777,-92.7624
-148.0550,0.1825,0.1556,-0.0000,179.1872,-92.7624
-148.0550,0.1833,0.1509,-0.0000,179.0968,-92.7624
-148.0550,0.1842,0.1466,-0.0000,179.0067,-92.7624
-148.0550,0.1852,0.1424,-0.0000,178.9168,-92.7624
-148.0550,0.1864,0.1386,-0.0000,178.8271,-92.7624
-148.0550,0.1877,0.1349,-0.0000,178.7376,-92.7624
-148.0550,0.1891,0.1316,-0.0000,178.6482,-92.7624
-148.0550,0.1906,0.1284,-0.0000,178.5591,-92.7624
-148.0550,0.1923,0.1256,-0.0000,178.4700,-92.7624
-148.0550,0.1941,0.1230,-0.0000,178.3811,-92.7624
-148.0550,0.1960,0.1207,-0.0000,178.2924,-92.7624
-148.0550,0.1981,0.1186,-0.0000,178.2037,-92.7624
-148.0550,0.2002,0.1168,-0.0000,178.1152,-92.7624
-148.0550,0.2025,0.1153,-0.0000,178.0268,-92.7624
-148.0550,0.2050,0.1141,-0.0000,177.9384,-92.7624
-148.0550,0.2076,0.1132,-0.0000,177.8501,-92.7624
-148.0550,0.2103,0.1126,-0.0000,177.7619,-92.7624
-148.0550,0.2131,0.1124,-0.0000,177.6737,-92.7624
-148.0550,0.2161,0.1124,-0.0000,177.5856,-92.7624
-148.0550,0.2192,0.1128,-0.0000,177.4975,-92.7624
-148.0550,0.2224,0.1135,-0.0000,177.4094,-92.7624
-148.0550,0.2258,0.1145,-0.0000,177.3213,-92.7624
-148.0550,0.2293,0.1159,-0.0000,177.2332,-92.7624
-148.0550,0.2330,0.1177,-0.0000,177.1450,-92.7624
-148.0550,0.2368,0.1199,-0.0000,177.0569,-92.7624
-148.0550,0.2407,0.1224,-0.0000,176.9686,-92.7624
-148.0550,0.2448,0.1254,-0.0000,176.8803,-92.7624
-148.0550,0.2490,0.1288,-0.0000,176.7920,-92.7624
-148.0550,0.2533,0.1327,-0.0000,176.7035,-92.7624
-148.0550,0.2578,0.1370,-0.0000,176.6150,-92.7624
-148.0550,0.2625,0.1418,-0.0000,176.5263,-92.7624
-148.0550,0.2672,0.1470,-0.0000,176.4375,-92.7624
-148.0550,0.2721,0.1528,-0.0000,176.3486,-92.7624
-148.0550,0.2772,0.1592,-0.0000,176.2595,-92.7624
-148.0550,0.2824,0.1660,-0.0000,176.1703,-92.7624
-148.0550,0.2877,0.1735,-0.0000,176.0808,-92.7624
-148.0550,0.2931,0.1815,-0.0000,175.9912,-92.7624
-148.0550,0.2987,0.1902,-0.0000,175.9014,-92.7624
-148.0550,0.3045,0.1995,-0.0000,175.8113,-92.7624
-148.0550,0.3104,0.2095,-0.0000,175.7210,-92.7624
-148.0550,0.3164,0.2202,-0.0000,175.6304,-92.7624
-148.0550,0.3225,0.2317,-0.0000,175.5396,-92.7624
-148.0550,0.3288,0.2439,-0.0000,175.4484,-92.7624
-148.0550,0.3352,0.2569,-0.0000,175.3570,-92.7624
-148.0550,0.3417,0.2707,-0.0000,175.2653,-92.7624
-148.0550,0.3483,0.2854,-0.0000,175.1732,-92.7624
-148.0550,0.3551,0.3011,-0.0000,175.0808,-92.7624
-148.0550,0.3620,0.3177,-0.0000,174.9879,-92.7624
-148.0550,0.3690,0.3352,-0.0000,174.8948,-92.7624
-148.0550,0.3761,0.3538,-0.0000,174.8012,-92.7624
-148.0550,0.3833,0.3735,-0.0000,174.7071,-92.7624
-148.0550,0.3906,0.3944,-0.0000,174.6127,-92.7624
-148.0550,0.3980,0.4164,-0.0000,174.5177,-92.7624
-148.0550,0.4055,0.4396,-0.0000,174.4223,-92.7624
-148.0550,0.4131,0.4642,-0.0000,174.3264,-92.7624
-148.0550,0.4208,0.4901,-0.0000,174.2300,-92.7624
-148.0550,0.4285,0.5174,-0.0000,174.1330,-92.7624
-148.0550,0.4363,0.5462,-0.0000,174.0355,-92.7624
-148.0550,0.4441,0.5766,-0.0000,173.9373,-92.7624
-148.0550,0.4520,0.6086,-0.0000,173.8386,-92.7624
-148.0550,0.4599,0.6422,-0.0000,173.7392,-92.7624
-148.0550,0.4678,0.6777,-0.0000,173.6392,-92.7624
-148.0550,0.4757,0.7150,-0.0000,173.5385,-92.7624
-148.0550,0.4837,0.7543,-0.0000,173.4371,-92.7624
-148.0550,0.4916,0.7956,-0.0000,173.3349,-92.7624
-148.0550,0.4994,0.8390,-0.0000,173.2320,-92.7624
-148.0550,0.5072,0.8847,-0.0000,173.1283,-92.7624
-148.0550,0.5150,0.9327,-0.0000,173.0238,-92.7624
-148.0550,0.5226,0.9831,-0.0000,172.9184,-92.7624
-148.0550,0.5301,1.0361,-0.0000,172.8122,-92.7624
-148.0550,0.5375,1.0918,-0.0000,172.7050,-92.7624
-148.0550,0.5448,1.1503,-0.0000,172.5969,-92.7624
-148.0550,0.5519,1.2117,-0.0000,172.4879,-92.7624
-148.0550,0.5587,1.2762,-0.0000,172.3778,-92.7624
-148.0550,0.5654,1.3439,-0.0000,172.2667,-92.7624
-148.0550,0.5718,1.4150,-0.0000,172.1545,-92.7624
-148.0550,0.5778,1.4897,-0.0000,172.0411,-92.7624
-148.0550,0.5836,1.5680,-0.0000,171.9266,-92.7624
-148.0550,0.5890,1.6502,-0.0000,171.8109,-92.7624
-148.0550,0.5940,1.7364,-0.0000,171.6940,-92.7624
-148.0550,0.5986,1.8269,-0.0000,171.5757,-92.7624
-148.0550,0.6026,1.9218,-0.0000,171.4561,-92.7624
-148.0550,0.6062,2.0213,-0.0000,171.3352,-92.7624
-148.0550,0.6092,2.1257,-0.0000,171.2127,-92.7624
-148.0550,0.6116,2.2352,-0.0000,171.0888,-92.7624
-148.0550,0.6133,2.3500,-0.0000,170.9634,-92.7624
-148.0550,0.6143,2.4703,-0.0000,170.8363,-92.7624
-148.0550,0.6145,2.5965,-0.0000,170.7076,-92.7624
-148.0550,0.6138,2.7287,-0.0000,170.5771,-92.7624
-148.0550,0.6123,2.8673,-0.0000,170.4449,-92.7624
-148.0550,0.6098,3.0126,-0.0000,170.3108,-92.7624
-148.0550,0.6062,3.1647,-0.0000,170.1747,-92.7624
-148.0550,0.6015,3.3242,-0.0000,170.0367,-92.7624
-148.0550,0.5957,3.4912,-0.0000,169.8966,-92.7624
-148.0550,0.5886,3.6661,-0.0000,169.7543,-92.7624
-148.0550,0.5801,3.8493,-0.0000,169.6097,-92.7624
-148.0550,0.5701,4.0411,-0.0000,169.4629,-92.7624
-148.0550,0.5587,4.2419,-0.0000,169.3136,-92.7624
-148.0550,0.5456,4.4521,-0.0000,169.1617,-92.7624
-148.0550,0.5308,4.6721,-0.0000,169.0073,-92.7624
-148.0550,0.5142,4.9023,-0.0000,168.8501,-92.7624
-148.0550,0.4957,5.1431,-0.0000,168.6900,-92.7624
-148.0550,0.4751,5.3949,-0.0000,168.5270,-92.7624
-148.0550,0.4524,5.6583,-0.0000,168.3609,-92.7624
-148.0550,0.4274,5.9337,-0.0000,168.1916,-92.7624
-148.0550,0.4000,6.2216,-0.0000,168.0189,-92.7624
-148.0550,0.3702,6.5224,-0.0000,167.8428,-92.7624
-148.0550,0.3377,6.8366,-0.0000,167.6630,-92.7624
-148.0550,0.3025,7.1648,-0.0000,167.4793,-92.7624
-148.0550,0.2645,7.5075,-0.0000,167.2917,-92.7624
-148.0550,0.2234,7.8651,-0.0000,167.1000,-92.7624
-148.0550,0.1793,8.2383,-0.0000,166.9039,-92.7624
-148.0550,0.1319,8.6275,-0.0000,166.7033,-92.7624
-148.0550,0.0811,9.0333,-0.0000,166.4980,-92.7624
-148.0550,0.0269,9.4563,-0.0000,166.2877,-92.7624
-148.0550,-0.0309,9.8969,-0.0000,166.0722,-92.7624
-148.0550,-0.0925,10.3557,-0.0000,165.8513,-92.7624
-148.0550,-0.1579,10.8331,-0.0000,165.6247,-92.7624
-148.0550,-0.2272,11.3299,-0.0000,165.3922,-92.7624
-148.0550,-0.3006,11.8463,-0.0000,165.1535,-92.7624
-148.0550,-0.3781,12.3829,-0.0000,164.9082,-92.7624
-148.0550,-0.4598,12.9401,-0.0000,164.6562,-92.7624
-148.0550,-0.5457,13.5184,-0.0000,164.3969,-92.7624
-148.0550,-0.6360,14.1181,-0.0000,164.1301,-92.7624
-148.0550,-0.7306,14.7397,-0.0000,163.8555,-92.7624
-148.0550,-0.8296,15.3834,-0.0000,163.5725,-92.7624
-148.0550,-0.9330,16.0495,-0.0000,163.2809,-92.7624
-148.0550,-1.0407,16.7382,-0.0000,162.9801,-92.7624
-148.0550,-1.1527,17.4496,-0.0000,162.6698,-92.7624
-148.0550,-1.2689,18.1840,-0.0000,162.3494,-92.7624
-148.0550,-1.3892,18.9412,-0.0000,162.0184,-92.7624
-148.0550,-1.5135,19.7212,-0.0000,161.6762,-92.7624
-148.0550,-1.6417,20.5240,-0.0000,161.3224,-92.7624
-148.0550,-1.7734,21.3492,-0.0000,160.9562,-92.7624
-148.0550,-1.9085,22.1966,-0.0000,160.5772,-92.7624
-148.0550,-2.0468,23.0658,-0.0000,160.1845,-92.7624
-148.0550,-2.1878,23.9563,-0.0000,159.7774,-92.7624
-148.0550,-2.3313,24.8675,-0.0000,159.3554,-92.7624
-148.0550,-2.4769,25.7986,-0.0000,158.9174,-92.7624
-148.0550,-2.6240,26.7490,-0.0000,158.4629,-92.7624
-148.0550,-2.7723,27.7176,-0.0000,157.9908,-92.7624
-148.0550,-2.9213,28.7034,-0.0000,157.5003,-92.7624
-148.0550,-3.0704,29.7054,-0.0000,156.9904,-92.7624
-148.0550,-3.2189,30.7223,-0.0000,156.4603,-92.7624
-148.0550,-3.3663,31.7527,0.0000,155.9089,-92.7624
-148.0550,-3.5119,32.7953,0.0000,155.3352,-92.7624
-148.0550,-3.6550,33.8486,0.0000,154.7383,-92.7624
-148.0550,-3.7948,34.9108,0.0000,154.1172,-92.7624
-148.0550,-3.9306,35.9802,0.0000,153.4711,-92.7624
-148.0550,-4.0615,37.0552,0.0000,152.7990,-92.7624
-148.0550,-4.1867,38.1337,0.0000,152.1006,-92.7624
-148.0550,-4.3053,39.2138,0.0000,151.3755,-92.7624
-148.0550,-4.4165,40.2938,0.0000,150.6236,-92.7624
-148.0550,-4.5202,41.3738,-0.0000,149.8437,-92.7624
-148.0550,-4.6162,42.4538,-0.0000,149.0350,-92.7624
-148.0550,-4.7043,43.5339,-0.0000,148.1961,-92.7624
-148.0550,-4.7841,44.6139,-0.0000,147.3261,-92.7624
-148.0550,-4.8557,45.6939,-0.0000,146.4238,-92.7624
-148.0550,-4.9187,46.7739,-0.0000,145.4884,-92.7624
-148.0550,-4.9729,47.8539,-0.0000,144.5188,-92.7624
-148.0550,-5.0181,48.9339,-0.0000,143.5142,-92.7624
-148.0550,-5.0540,50.0139,-0.0000,142.4738,-92.7624
-148.0550,-5.0804,51.0939,-0.0000,141.3970,-92.7624
-148.0550,-5.0972,52.1739,-0.0000,140.2833,-92.7624
-148.0550,-5.1039,53.2539,-0.0000,139.1323,-92.7624
-148.0550,-5.1004,54.3339,-0.0000,137.9434,-92.7624
-148.0550,-5.0864,55.4139,-0.0000,136.7172,-92.7624
-148.0550,-5.0616,56.4939,-0.0000,135.4555,-92.7624
-148.0550,-5.0256,57.5739,-0.0000,134.1612,-92.7624
-148.0550,-4.9781,58.6539,-0.0000,132.8396,-92.7624
-148.0550,-4.9187,59.7339,-0.0000,131.4980,-92.7624
-148.0550,-4.8469,60.8138,-0.0000,130.1480,-92.7624
-148.0550,-4.7618,61.8925,0.0000,128.7980,-92.7624
-148.0550,-4.6627,62.9685,0.0000,127.4480,-92.7624
-148.0550,-4.5487,64.0397,0.0000,126.0980,-92.7624
-148.0550,-4.4188,65.1041,0.0000,124.7480,-92.7624
-148.0550,-4.2721,66.1597,0.0000,123.3980,-92.7624
-148.0550,-4.1080,67.2045,0.0000,122.0480,-92.7624
-148.0550,-3.9256,68.2371,0.0000,120.6980,-92.7624
-148.0550,-3.7242,69.2553,0.0000,119.3480,-92.7624
-148.0550,-3.5031,70.2577,0.0000,117.9980,-92.7624
-148.0550,-3.2617,71.2426,0.0000,116.6480,-92.7624
-148.0550,-2.9995,72.2085,0.0000,115.2980,-92.7624
-148.0550,-2.7159,73.1538,0.0000,113.9480,-92.7624
-148.0550,-2.4106,74.0775,0.0000,112.5980,-92.7624
-148.0550,-2.0833,74.9788,0.0000,111.2480,-92.7624
-148.0550,-1.7338,75.8566,0.0000,109.8980,-92.7624
-148.0550,-1.3620,76.7101,0.0000,108.5480,-92.7624
-148.0550,-0.9677,77.5386,0.0000,107.1980,-92.7624
-148.0550,-0.5510,78.3417,0.0000,105.8480,-92.7624
-148.0550,-0.1120,79.1190,0.0000,104.4980,-92.7624
-148.0550,0.3492,79.8702,0.0000,103.1480,-92.7624
-148.0550,0.8323,80.5954,0.0000,101.7980,-92.7624
-148.0550,1.3369,81.2946,0.0000,100.4480,-92.7624
-148.0550,1.8626,81.9681,0.0000,99.0980,-92.7624
-148.0550,2.4088,82.6163,0.0000,97.7480,-92.7624
-148.0550,2.9749,83.2400,0.0000,96.3980,-92.7624
-148.0550,3.5601,83.8403,0.0000,95.0480,-92.7624
-148.0550,4.1634,84.4185,0.0000,93.6980,-92.7624
-148.0550,4.7839,84.9761,0.0000,92.3480,-92.7624
-148.0550,5.4205,85.5150,0.0000,90.9980,-92.7624
-148.0550,6.0717,86.0373,0.0000,89.6480,-92.7624
-148.0550,6.7364,86.5457,0.0000,88.2980,-92.7624
-148.0550,7.4129,87.0429,0.0000,86.9480,-92.7624
-148.0550,8.0995,87.5323,0.0000,85.5980,-92.7624
-148.0550,8.7948,88.0165,0.0000,84.2480,-92.7624
-148.0550,9.4961,88.5016,0.0000,82.8980,-92.7624
-148.0550,10.2017,88.9910,0.0000,81.5480,-92.7624
-148.0550,10.9156,89.4699,0.0000,80.1976,-92.7624
-148.0550,11.6343,89.9460,0.0000,78.8471,-92.7624
-148.0550,12.3544,90.4276,-0.0000,77.4971,-92.7624
-148.0550,13.0744,90.9184,0.0000,76.1471,-92.7624
-148.0550,13.7944,91.4192,0.0000,74.7971,-92.7624
-148.0550,14.5144,91.9306,0.0000,73.4471,-92.7624
-148.0550,15.2344,92.4535,0.0000,72.0971,-92.7624
-148.0550,15.9544,92.9888,0.0000,70.7471,-92.7624
-148.0550,16.6744,93.5374,0.0000,69.3971,-92.7624
-148.0550,17.3944,94.1004,0.0000,68.0471,-92.7624
-148.0550,18.1144,94.6788,0.0000,66.6971,-92.7624
-148.0550,18.8345,95.2740,0.0000,65.3471,-92.7624
-148.0550,19.5545,95.8870,0.0000,63.9971,-92.7624
-148.0550,20.2745,96.5195,0.0000,62.6471,-92.7624
-148.0550,20.9945,97.1727,0.0000,61.2971,-92.7624
-148.0550,21.7145,97.8485,0.0000,59.9471,-92.7624
-148.0550,22.4345,98.5484,0.0000,58.5971,-92.7624
-148.0550,23.1545,99.2743,0.0000,57.2471,-92.7624
-148.0550,23.8746,100.0283,0.0000,55.8971,-92.7624
-148.0550,24.5949,100.8117,-0.0000,54.5471,-92.7624
-148.0518,25.4403,101.3888,-0.0009,53.1236,-92.7585
