J1,J2,J3,J4,J5,J6  (deg, iLQR optimal swing, dt=0.01s, rows=101)
-148.0550,-54.4176,121.2997,0.0000,113.0960,-92.7624
-148.0550,-54.3546,121.2708,-0.0000,113.1040,-92.7624
-148.0550,-54.2325,121.2144,-0.0000,113.1191,-92.7624
-148.0550,-54.0549,121.1319,-0.0000,113.1409,-92.7624
-148.0550,-53.8254,121.0242,-0.0000,113.1694,-92.7624
-148.0550,-53.5473,120.8922,-0.0000,113.2044,-92.7624
-148.0550,-53.2238,120.7366,-0.0000,113.2458,-92.7624
-148.0550,-52.8581,120.5581,-0.0000,113.2935,-92.7624
-148.0550,-52.4529,120.3572,-0.0000,113.3471,-92.7624
-148.0550,-52.0113,120.1345,-0.0000,113.4061,-92.7624
-148.0550,-51.5357,119.8903,-0.0000,113.4700,-92.7624
-148.0550,-51.0287,119.6250,-0.0000,113.5380,-92.7624
-148.0550,-50.4927,119.3392,-0.0000,113.6094,-92.7624
-148.0550,-49.9301,119.0331,-0.0000,113.6833,-92.7624
-148.0550,-49.3428,118.7072,-0.0000,113.7586,-92.7624
-148.0550,-48.7331,118.3619,-0.0000,113.8344,-92.7624
-148.0550,-48.1027,117.9976,-0.0000,113.9094,-92.7624
-148.0550,-47.4534,117.6147,-0.0000,113.9826,-92.7624
-148.0550,-46.7870,117.2137,-0.0000,114.0527,-92.7624
-148.0550,-46.1050,116.7950,-0.0000,114.1184,-92.7624
-148.0550,-45.4089,116.3592,-0.0000,114.1784,-92.7624
-148.0550,-44.7000,115.9067,-0.0000,114.2315,-92.7624
-148.0550,-43.9796,115.4381,-0.0000,114.2763,-92.7624
-148.0550,-43.2489,114.9540,-0.0000,114.3115,-92.7624
-148.0550,-42.5089,114.4548,-0.0000,114.3357,-92.7624
-148.0550,-41.7606,113.9413,-0.0000,114.3476,-92.7624
-148.0550,-41.0049,113.4140,-0.0000,114.3458,-92.7624
-148.0550,-40.2427,112.8736,-0.0000,114.3291,-92.7624
-148.0550,-39.4747,112.3206,-0.0000,114.2962,-92.7624
-148.0550,-38.7015,111.7558,-0.0000,114.2457,-92.7624
-148.0550,-37.9237,111.1798,-0.0000,114.1765,-92.7624
-148.0550,-37.1420,110.5933,-0.0000,114.0874,-92.7624
-148.0550,-36.3566,109.9970,-0.0000,113.9771,-92.7624
-148.0550,-35.5682,109.3916,-0.0000,113.8446,-92.7624
-148.0550,-34.7769,108.7777,-0.0000,113.6888,-92.7624
-148.0550,-33.9832,108.1562,-0.0000,113.5087,-92.7624
-148.0550,-33.1872,107.5276,-0.0000,113.3033,-92.7624
-148.0550,-32.3892,106.8928,-0.0000,113.0716,-92.7624
-148.0550,-31.5893,106.2524,0.0000,112.8128,-92.7624
-148.0550,-30.7877,105.6072,0.0000,112.5260,-92.7624
-148.0550,-29.9844,104.9579,0.0000,112.2107,-92.7624
-148.0550,-29.1795,104.3052,0.0000,111.8659,-92.7624
-148.0550,-28.3730,103.6499,0.0000,111.4912,-92.7624
-148.0550,-27.5649,102.9927,0.0000,111.0859,-92.7624
-148.0550,-26.7552,102.3343,0.0000,110.6495,-92.7624
-148.0550,-25.9438,101.6754,0.0000,110.1817,-92.7624
-148.0550,-25.1306,101.0169,0.0000,109.6820,-92.7624
-148.0550,-24.3155,100.3594,0.0000,109.1501,-92.7624
-148.0550,-23.4985,99.7038,0.0000,108.5859,-92.7624
-148.0550,-22.6793,99.0507,0.0000,107.9892,-92.7624
-148.0550,-21.8578,98.4010,0.0000,107.3598,-92.7624
-148.0550,-21.0339,97.7555,0.0000,106.6979,-92.7624
-148.0550,-20.2074,97.1148,0.0000,106.0034,-92.7624
-148.0550,-19.3781,96.4800,0.0000,105.2766,-92.7624
-148.0550,-18.5457,95.8517,0.0000,104.5176,-92.7624
-148.0550,-17.7102,95.2309,0.0000,103.7269,-92.7624
-148.0550,-16.8714,94.6184,0.0000,102.9048,-92.7624
-148.0550,-16.0289,94.0151,0.0000,102.0519,-92.7624
-148.0550,-15.1826,93.4220,0.0000,101.1687,-92.7624
-148.0550,-14.3324,92.8400,0.0000,100.2560,-92.7624
-148.0550,-13.4780,92.2702,0.0000,99.3145,-92.7624
-148.0550,-12.6192,91.7136,-0.0000,98.3453,-92.7624
-148.0550,-11.7559,91.1713,-0.0000,97.3492,-92.7624
-148.0550,-10.8879,90.6445,-0.0000,96.3275,-92.7624
-148.0550,-10.0150,90.1343,-0.0000,95.2814,-92.7624
-148.0550,-9.1371,89.6421,-0.0000,94.2122,-92.7624
-148.0550,-8.2539,89.1692,-0.0000,93.1215,-92.7624
-148.0550,-7.3655,88.7170,-0.0000,92.0110,-92.7624
-148.0550,-6.4718,88.2870,-0.0000,90.8823,-92.7624
-148.0550,-5.5725,87.8809,-0.0000,89.7374,-92.7624
-148.0550,-4.6677,87.5002,-0.0000,88.5784,-92.7624
-148.0550,-3.7572,87.1468,-0.0000,87.4075,-92.7624
-148.0550,-2.8412,86.8226,-0.0000,86.2269,-92.7624
-148.0550,-1.9196,86.5295,-0.0000,85.0392,-92.7624
-148.0550,-0.9924,86.2697,-0.0000,83.8472,-92.7624
-148.0550,-0.0596,86.0454,-0.0000,82.6536,-92.7624
-148.0550,0.8787,85.8590,-0.0000,81.4615,-92.7624
-148.0550,1.8223,85.7129,-0.0000,80.2740,-92.7624
-148.0550,2.7713,85.6098,-0.0000,79.0946,-92.7624
-148.0550,3.7255,85.5524,-0.0000,77.9267,-92.7624
-148.0550,4.6848,85.5436,-0.0000,76.7742,-92.7624
-148.0550,5.6492,85.5863,-0.0000,75.6409,-92.7624
-148.0550,6.6184,85.6837,-0.0000,74.5309,-92.7624
-148.0550,7.5926,85.8390,-0.0000,73.4485,-92.7624
-148.0550,8.5715,86.0555,-0.0000,72.3979,-92.7624
-148.0550,9.5554,86.3366,-0.0000,71.3837,-92.7624
-148.0550,10.5442,86.6858,-0.0000,70.4101,-92.7624
-148.0550,11.5382,87.1067,-0.0000,69.4811,-92.7624
-148.0550,12.5377,87.6028,-0.0000,68.6002,-92.7624
-148.0550,13.5429,88.1780,-0.0000,67.7697,-92.7624
-148.0550,14.5545,88.8360,-0.0000,66.9896,-92.7624
-148.0550,15.5731,89.5809,-0.0000,66.2563,-92.7624
-148.0550,16.5995,90.4171,-0.0000,65.5601,-92.7624
-148.0550,17.6344,91.3494,-0.0000,64.8809,-92.7624
-148.0550,18.6786,92.3838,-0.0000,64.1821,-92.7624
-148.0550,19.7327,93.5278,-0.0000,63.3999,-92.7624
-148.0550,20.7969,94.7915,-0.0000,62.4268,-92.7624
-148.0550,21.8704,96.1895,0.0000,61.0854,-92.7624
-148.0550,22.9512,97.7438,0.0000,59.0854,-92.7624
-148.0551,24.0737,99.3728,-0.0000,57.0851,-92.7624
-148.0537,25.7376,100.5241,-0.0001,54.2695,-92.7609
