J1,J2,J3,J4,J5,J6  (deg, cubic spline, dt=0.0100s, rows=101)
-148.0550,-54.4176,121.2997,0.0000,113.0960,-92.7624
-148.0550,-54.3937,121.2937,0.0000,113.0781,-92.7624
-148.0550,-54.3228,121.2760,0.0000,113.0249,-92.7624
-148.0550,-54.2059,121.2468,0.0000,112.9372,-92.7624
-148.0550,-54.0438,121.2062,0.0000,112.8156,-92.7624
-148.0550,-53.8376,121.1547,0.0000,112.6610,-92.7624
-148.0550,-53.5881,121.0923,0.0000,112.4739,-92.7624
-148.0550,-53.2964,121.0194,0.0000,112.2551,-92.7624
-148.0550,-52.9635,120.9362,0.0000,112.0054,-92.7624
-148.0550,-52.5902,120.8428,0.0000,111.7254,-92.7624
-148.0550,-52.1776,120.7397,0.0000,111.4160,-92.7624
-148.0550,-51.7265,120.6269,0.0000,111.0777,-92.7624
-148.0550,-51.2380,120.5048,0.0000,110.7113,-92.7624
-148.0550,-50.7131,120.3736,0.0000,110.3176,-92.7624
-148.0550,-50.1526,120.2334,0.0000,109.8972,-92.7624
-148.0550,-49.5576,120.0847,0.0000,109.4510,-92.7624
-148.0550,-48.9289,119.9275,0.0000,108.9795,-92.7624
-148.0550,-48.2676,119.7622,0.0000,108.4835,-92.7624
-148.0550,-47.5747,119.5890,0.0000,107.9638,-92.7624
-148.0550,-46.8510,119.4080,0.0000,107.4210,-92.7624
-148.0550,-46.0976,119.2197,0.0000,106.8560,-92.7624
-148.0550,-45.3153,119.0241,0.0000,106.2693,-92.7624
-148.0550,-44.5052,118.8216,0.0000,105.6617,-92.7624
-148.0550,-43.6683,118.6124,0.0000,105.0340,-92.7624
-148.0550,-42.8054,118.3966,0.0000,104.3868,-92.7624
-148.0550,-41.9176,118.1747,0.0000,103.7210,-92.7624
-148.0550,-41.0057,117.9467,0.0000,103.0371,-92.7624
-148.0550,-40.0708,117.7130,0.0000,102.3359,-92.7624
-148.0550,-39.1139,117.4738,0.0000,101.6182,-92.7624
-148.0550,-38.1358,117.2292,0.0000,100.8846,-92.7624
-148.0550,-37.1376,116.9797,0.0000,100.1360,-92.7624
-148.0550,-36.1201,116.7253,0.0000,99.3729,-92.7624
-148.0550,-35.0844,116.4664,0.0000,98.5961,-92.7624
-148.0550,-34.0315,116.2032,0.0000,97.8064,-92.7624
-148.0550,-32.9622,115.9358,0.0000,97.0044,-92.7624
-148.0550,-31.8776,115.6647,0.0000,96.1910,-92.7624
-148.0550,-30.7785,115.3899,0.0000,95.3667,-92.7624
-148.0550,-29.6660,115.1118,0.0000,94.5323,-92.7624
-148.0550,-28.5411,114.8306,0.0000,93.6886,-92.7624
-148.0550,-27.4046,114.5464,0.0000,92.8362,-92.7624
-148.0550,-26.2576,114.2597,0.0000,91.9760,-92.7624
-148.0550,-25.1009,113.9705,0.0000,91.1085,-92.7624
-148.0550,-23.9356,113.6792,0.0000,90.2345,-92.7624
-148.0550,-22.7627,113.3860,0.0000,89.3548,-92.7624
-148.0550,-21.5830,113.0910,0.0000,88.4700,-92.7624
-148.0550,-20.3976,112.7947,0.0000,87.5810,-92.7624
-148.0550,-19.2073,112.4971,0.0000,86.6883,-92.7624
-148.0550,-18.0132,112.1986,0.0000,85.7927,-92.7624
-148.0550,-16.8163,111.8994,0.0000,84.8950,-92.7624
-148.0550,-15.6174,111.5996,0.0000,83.9958,-92.7624
-148.0550,-14.4176,111.2997,0.0000,83.0960,-92.7624
-148.0550,-13.2177,110.9997,0.0000,82.1961,-92.7624
-148.0550,-12.0188,110.7000,0.0000,81.2969,-92.7624
-148.0550,-10.8219,110.4008,0.0000,80.3992,-92.7624
-148.0550,-9.6278,110.1022,0.0000,79.5036,-92.7624
-148.0550,-8.4376,109.8047,0.0000,78.6110,-92.7624
-148.0550,-7.2521,109.5083,0.0000,77.7219,-92.7624
-148.0550,-6.0724,109.2134,0.0000,76.8371,-92.7624
-148.0550,-4.8995,108.9202,0.0000,75.9574,-92.7624
-148.0550,-3.7342,108.6288,0.0000,75.0834,-92.7624
-148.0550,-2.5776,108.3397,0.0000,74.2160,-92.7624
-148.0550,-1.4305,108.0529,0.0000,73.3557,-92.7624
-148.0550,-0.2940,107.7688,0.0000,72.5033,-92.7624
-148.0550,0.8309,107.4876,0.0000,71.6596,-92.7624
-148.0550,1.9434,107.2094,0.0000,70.8252,-92.7624
-148.0550,3.0424,106.9347,0.0000,70.0010,-92.7624
-148.0550,4.1271,106.6635,0.0000,69.1875,-92.7624
-148.0550,5.1964,106.3962,0.0000,68.3855,-92.7624
-148.0550,6.2493,106.1330,0.0000,67.5958,-92.7624
-148.0550,7.2850,105.8740,0.0000,66.8190,-92.7624
-148.0550,8.3024,105.6197,0.0000,66.0560,-92.7624
-148.0550,9.3007,105.3701,0.0000,65.3073,-92.7624
-148.0550,10.2788,105.1256,0.0000,64.5737,-92.7624
-148.0550,11.2357,104.8864,0.0000,63.8560,-92.7624
-148.0550,12.1706,104.6526,0.0000,63.1548,-92.7624
-148.0550,13.0824,104.4247,0.0000,62.4710,-92.7624
-148.0550,13.9703,104.2027,0.0000,61.8051,-92.7624
-148.0550,14.8332,103.9870,0.0000,61.1579,-92.7624
-148.0550,15.6701,103.7778,0.0000,60.5302,-92.7624
-148.0550,16.4802,103.5752,0.0000,59.9226,-92.7624
-148.0550,17.2624,103.3797,0.0000,59.3360,-92.7624
-148.0550,18.0159,103.1913,0.0000,58.7709,-92.7624
-148.0550,18.7396,103.0104,0.0000,58.2281,-92.7624
-148.0550,19.4325,102.8372,0.0000,57.7084,-92.7624
-148.0550,20.0938,102.6718,0.0000,57.2124,-92.7624
-148.0550,20.7224,102.5147,0.0000,56.7410,-92.7624
-148.0550,21.3175,102.3659,0.0000,56.2947,-92.7624
-148.0550,21.8780,102.2258,0.0000,55.8743,-92.7624
-148.0550,22.4029,102.0946,0.0000,55.4806,-92.7624
-148.0550,22.8914,101.9724,0.0000,55.1142,-92.7624
-148.0550,23.3424,101.8597,0.0000,54.7760,-92.7624
-148.0550,23.7551,101.7565,0.0000,54.4665,-92.7624
-148.0550,24.1284,101.6632,0.0000,54.1865,-92.7624
-148.0550,24.4613,101.5800,0.0000,53.9368,-92.7624
-148.0550,24.7530,101.5070,0.0000,53.7180,-92.7624
-148.0550,25.0024,101.4447,0.0000,53.5310,-92.7624
-148.0550,25.2087,101.3931,0.0000,53.3763,-92.7624
-148.0550,25.3708,101.3526,0.0000,53.2547,-92.7624
-148.0550,25.4877,101.3234,0.0000,53.1670,-92.7624
-148.0550,25.5586,101.3056,0.0000,53.1138,-92.7624
-148.0550,25.5824,101.2997,0.0000,53.0960,-92.7624
