t,J1,J2,J3,J4,J5,J6,J1_dot,J2_dot,J3_dot,J4_dot,J5_dot,J6_dot  (deg & deg/s, iLQR servoj swing, dt=0.01s, rows=101, total=1.01s)
0.00000,-148.05501,-54.41756,121.29968,0.00000,-96.90405,-92.76245,0.00000,0.00000,0.00000,0.00000,0.00000,0.00000
0.01000,-148.05501,-54.37221,121.35592,0.00000,-97.03279,-92.76245,0.00000,4.53468,5.62341,0.00000,-12.87438,0.00000
0.02000,-148.05501,-54.28571,121.46475,0.00000,-97.22588,-92.76245,-0.00000,8.64986,10.88308,-0.00000,-19.30914,-0.00000
0.03000,-148.05501,-54.16126,121.62271,0.00000,-97.44064,-92.76245,-0.00000,12.44489,15.79650,-0.00000,-21.47576,-0.00000
0.04000,-148.05501,-54.00137,121.82648,0.00000,-97.64818,-92.76245,-0.00000,15.98871,20.37665,-0.00000,-20.75388,-0.00000
0.05000,-148.05501,-53.80807,122.07281,0.00000,-97.82842,-92.76245,-0.00000,19.33018,24.63286,-0.00000,-18.02445,-0.00000
0.06000,-148.05501,-53.58303,122.35853,0.00000,-97.96697,-92.76245,-0.00000,22.50468,28.57215,-0.00000,-13.85506,-0.00000
0.07000,-148.05501,-53.32764,122.68053,0.00000,-98.05313,-92.76245,-0.00000,25.53837,32.20016,-0.00000,-8.61622,-0.00000
0.08000,-148.05501,-53.04313,123.03575,0.00000,-98.07867,-92.76245,-0.00000,28.45091,35.52178,-0.00000,-2.55397,-0.00000
0.09000,-148.05501,-52.73056,123.42116,0.00000,-98.03703,-92.76245,-0.00000,31.25724,38.54144,0.00000,4.16463,-0.00000
0.10000,-148.05501,-52.39087,123.83379,0.00000,-97.92280,-92.76245,-0.00000,33.96881,41.26333,0.00000,11.42320,-0.00000
0.11000,-148.05501,-52.02493,124.27071,0.00000,-97.73141,-92.76245,-0.00000,36.59435,43.69146,0.00000,19.13806,-0.00000
0.12000,-148.05501,-51.63352,124.72901,0.00000,-97.45895,-92.76245,-0.00000,39.14050,45.82960,0.00000,27.24697,-0.00000
0.13000,-148.05501,-51.21740,125.20582,0.00000,-97.10193,-92.76245,-0.00000,41.61221,47.68136,0.00000,35.70182,-0.00000
0.14000,-148.05501,-50.77727,125.69832,0.00000,-96.65729,-92.76245,-0.00000,44.01309,49.25012,0.00000,44.46390,-0.00000
0.15000,-148.05501,-50.31381,126.20371,0.00000,-96.12228,-92.76245,-0.00000,46.34562,50.53901,0.00000,53.50068,-0.00000
0.16000,-148.05501,-49.82770,126.71922,0.00000,-95.49445,-92.76245,-0.00000,48.61143,51.55098,0.00000,62.78356,-0.00000
0.17000,-148.05501,-49.31959,127.24211,0.00000,-94.77158,-92.76245,-0.00000,50.81145,52.28877,0.00000,72.28619,-0.00000
0.18000,-148.05501,-48.79013,127.76966,0.00000,-93.95175,-92.76245,-0.00000,52.94607,52.75496,0.00000,81.98302,-0.00000
0.19000,-148.05501,-48.23997,128.29918,0.00000,-93.03327,-92.76245,-0.00000,55.01533,52.95207,0.00000,91.84795,-0.00000
0.20000,-148.05501,-47.66978,128.82800,0.00000,-92.01475,-92.76245,-0.00000,57.01906,52.88267,0.00000,101.85280,-0.00000
0.21000,-148.05501,-47.08021,129.35350,0.00000,-90.89509,-92.76245,-0.00000,58.95705,52.54948,0.00000,111.96524,0.00000
0.22000,-148.05501,-46.47192,129.87306,0.00000,-89.67363,-92.76245,-0.00000,60.82921,51.95562,0.00000,122.14594,0.00000
0.23000,-148.05501,-45.84556,130.38410,0.00000,-88.35019,-92.76245,-0.00000,62.63589,51.10485,0.00000,132.34416,0.00000
0.24000,-148.05501,-45.20178,130.88412,0.00000,-86.92529,-92.76245,0.00000,64.37809,50.00203,0.00000,142.49058,0.00000
0.25000,-148.05501,-44.54120,131.37066,0.00000,-85.40043,-92.76245,0.00000,66.05800,48.65375,0.00000,152.48582,0.00000
0.26000,-148.05501,-43.86440,131.84136,0.00000,-83.77862,-92.76245,0.00000,67.67963,47.06933,0.00000,162.18129,0.00000
0.27000,-148.05501,-43.17190,132.29398,0.00000,-82.06514,-92.76245,0.00000,69.24994,45.26258,0.00000,171.34722,0.00000
0.28000,-148.05501,-42.46410,132.72653,0.00000,-80.26895,-92.76245,0.00000,70.78054,43.25464,0.00000,179.61900,0.00000
0.29000,-148.05501,-41.74119,133.13732,0.00000,-78.40489,-92.76245,0.00000,72.29057,41.07893,0.00000,186.40622,0.00000
0.30000,-148.05501,-41.00308,133.52521,0.00000,-76.49751,-92.76245,-0.00000,73.81145,38.78969,-0.00000,190.73821,-0.00000
0.31000,-148.05501,-40.24913,133.88998,0.00000,-74.58751,-92.76245,0.00000,75.39491,36.47665,0.00000,191.00001,0.00000
0.32000,-148.05501,-39.47998,134.23039,0.00000,-72.67751,-92.76245,0.00000,76.91478,34.04077,0.00000,191.00001,0.00000
0.33000,-148.05501,-38.69636,134.54518,0.00000,-70.76751,-92.76245,-0.00000,78.36191,31.47940,-0.00000,191.00001,0.00000
0.34000,-148.05501,-37.89900,134.83316,0.00000,-68.85751,-92.76245,-0.00000,79.73601,28.79774,-0.00000,191.00001,0.00000
0.35000,-148.05501,-37.08863,135.09317,0.00000,-66.94751,-92.76245,-0.00000,81.03709,26.00096,-0.00000,191.00001,0.00000
0.36000,-148.05501,-36.26598,135.32411,0.00000,-65.03751,-92.76245,-0.00000,82.26547,23.09418,-0.00000,191.00002,0.00000
0.37000,-148.05501,-35.43176,135.52494,0.00000,-63.12751,-92.76245,-0.00000,83.42180,20.08255,-0.00000,191.00002,0.00000
0.38000,-148.05501,-34.58669,135.69465,0.00000,-61.21751,-92.76245,-0.00000,84.50708,16.97128,-0.00000,191.00002,0.00000
0.39000,-148.05501,-33.73146,135.83231,0.00000,-59.30751,-92.76245,-0.00000,85.52263,13.76565,-0.00000,191.00002,0.00000
0.40000,-148.05501,-32.86676,135.93702,0.00000,-57.39751,-92.76245,-0.00000,86.47016,10.47106,-0.00000,191.00002,0.00000
0.41000,-148.05501,-31.99324,136.00795,0.00000,-55.48751,-92.76245,-0.00000,87.35170,7.09305,-0.00000,191.00003,0.00000
0.42000,-148.05501,-31.11155,136.04432,0.00000,-53.57751,-92.76245,-0.00000,88.16961,3.63730,-0.00000,191.00003,-0.00000
0.43000,-148.05501,-30.22228,136.04542,0.00000,-51.66751,-92.76245,-0.00000,88.92661,0.10969,-0.00000,191.00003,-0.00000
0.44000,-148.05501,-29.32602,136.01058,0.00000,-49.75751,-92.76245,-0.00000,89.62571,-3.48372,-0.00000,191.00003,-0.00000
0.45000,-148.05501,-28.42332,135.93921,0.00000,-47.84751,-92.76245,-0.00000,90.27022,-7.13666,-0.00000,191.00003,-0.00000
0.46000,-148.05501,-27.51468,135.83079,-0.00000,-45.93751,-92.76245,-0.00000,90.86370,-10.84265,-0.00000,191.00004,-0.00000
0.47000,-148.05501,-26.60058,135.68484,-0.00000,-44.02751,-92.76245,-0.00000,91.40998,-14.59496,-0.00000,191.00004,-0.00000
0.48000,-148.05501,-25.68145,135.50097,-0.00000,-42.11751,-92.76245,-0.00000,91.91307,-18.38665,-0.00000,191.00004,-0.00000
0.49000,-148.05501,-24.75768,135.27886,-0.00000,-40.20750,-92.76245,-0.00000,92.37715,-22.21053,-0.00000,191.00004,-0.00000
0.50000,-148.05501,-23.82962,135.01827,-0.00000,-38.29750,-92.76245,-0.00000,92.80652,-26.05915,-0.00000,191.00004,-0.00000
0.51000,-148.05501,-22.89756,134.71902,-0.00000,-36.38750,-92.76245,-0.00000,93.20559,-29.92483,-0.00000,191.00004,-0.00000
0.52000,-148.05501,-21.96177,134.38103,-0.00000,-34.47750,-92.76245,-0.00000,93.57877,-33.79962,-0.00000,191.00004,0.00000
0.53000,-148.05501,-21.02247,134.00428,-0.00000,-32.56750,-92.76245,-0.00000,93.93048,-37.67533,-0.00000,191.00005,0.00000
0.54000,-148.05501,-20.07982,133.58884,-0.00000,-30.65750,-92.76245,-0.00000,94.26505,-41.54347,-0.00000,191.00005,0.00000
0.55000,-148.05501,-19.13395,133.13489,-0.00000,-28.74750,-92.76245,-0.00000,94.58670,-45.39529,-0.00000,191.00005,0.00000
0.56000,-148.05501,-18.18496,132.64267,-0.00000,-26.83750,-92.76245,-0.00000,94.89949,-49.22174,-0.00000,191.00005,0.00000
0.57000,-148.05501,-17.23288,132.11254,-0.00000,-24.92750,-92.76245,-0.00000,95.20721,-53.01348,-0.00000,191.00005,0.00000
0.58000,-148.05501,-16.27775,131.54493,-0.00000,-23.01750,-92.76245,-0.00000,95.51339,-56.76082,-0.00000,191.00005,0.00000
0.59000,-148.05501,-15.31954,130.94039,-0.00000,-21.10750,-92.76245,-0.00000,95.82121,-60.45372,-0.00000,191.00005,0.00000
0.60000,-148.05501,-14.35820,130.29957,-0.00000,-19.19750,-92.76245,-0.00000,96.13343,-64.08178,0.00000,191.00005,0.00000
0.61000,-148.05501,-13.39368,129.62323,-0.00000,-17.28750,-92.76245,-0.00000,96.45239,-67.63413,0.00000,191.00006,-0.00000
0.62000,-148.05501,-12.42588,128.91224,-0.00000,-15.37750,-92.76245,-0.00000,96.77988,-71.09947,0.00000,191.00006,-0.00000
0.63000,-148.05501,-11.45471,128.16758,-0.00000,-13.46750,-92.76245,-0.00000,97.11716,-74.46593,0.00000,191.00006,-0.00000
0.64000,-148.05501,-10.48006,127.39037,-0.00000,-11.55750,-92.76245,-0.00000,97.46485,-77.72107,0.00000,191.00006,-0.00000
0.65000,-148.05501,-9.50183,126.58185,-0.00000,-9.64750,-92.76245,-0.00000,97.82294,-80.85177,0.00000,191.00006,-0.00000
0.66000,-148.05501,-8.51992,125.74341,-0.00000,-7.73750,-92.76245,-0.00000,98.19069,-83.84417,0.00000,191.00006,-0.00000
0.67000,-148.05501,-7.53426,124.87657,-0.00000,-5.82750,-92.76245,-0.00000,98.56662,-86.68352,0.00000,191.00006,-0.00000
0.68000,-148.05501,-6.54477,123.98303,-0.00000,-3.91749,-92.76245,-0.00000,98.94847,-89.35413,0.00000,191.00006,-0.00000
0.69000,-148.05501,-5.55144,123.06464,-0.00000,-2.00749,-92.76245,-0.00000,99.33313,-91.83921,0.00000,191.00006,0.00000
0.70000,-148.05501,-4.55428,122.12343,-0.00000,-0.09749,-92.76245,-0.00000,99.71665,-94.12076,-0.00000,191.00006,0.00000
0.71000,-148.05501,-3.55333,121.16164,-0.00000,1.81251,-92.76245,-0.00000,100.09417,-96.17942,-0.00000,191.00006,0.00000
0.72000,-148.05501,-2.54873,120.18169,-0.00000,3.72251,-92.76245,-0.00000,100.45990,-97.99428,-0.00000,191.00006,0.00000
0.73000,-148.05501,-1.54066,119.18627,-0.00000,5.63251,-92.76245,-0.00000,100.80712,-99.54278,-0.00000,191.00006,0.00000
0.74000,-148.05501,-0.52938,118.17826,-0.00000,7.54251,-92.76245,-0.00000,101.12812,-100.80049,-0.00000,191.00006,0.00000
0.75000,-148.05501,0.48476,117.16085,-0.00000,9.45251,-92.76245,-0.00000,101.41420,-101.74095,-0.00000,191.00006,0.00000
0.76000,-148.05501,1.50132,116.13750,-0.00000,11.36251,-92.76245,-0.00000,101.65567,-102.33549,-0.00000,191.00006,0.00000
0.77000,-148.05501,2.51973,115.11197,-0.00000,13.27251,-92.76245,-0.00000,101.84180,-102.55307,-0.00000,191.00006,0.00000
0.78000,-148.05501,3.53934,114.08837,-0.00000,15.18251,-92.76245,0.00000,101.96091,-102.36011,-0.00000,191.00006,-0.00000
0.79000,-148.05501,4.55935,113.07116,-0.00000,17.09251,-92.76245,-0.00000,102.00030,-101.72036,0.00000,191.00006,-0.00000
0.80000,-148.05501,5.57935,112.06441,-0.00000,19.00251,-92.76245,-0.00000,102.00059,-100.67542,0.00000,191.00006,0.00000
0.81000,-148.05501,6.59936,111.07170,-0.00000,20.91251,-92.76245,-0.00000,102.00068,-99.27087,0.00000,191.00006,0.00000
0.82000,-148.05501,7.61937,110.09672,-0.00000,22.82251,-92.76245,-0.00000,102.00076,-97.49830,0.00000,191.00006,0.00000
0.83000,-148.05501,8.63938,109.14322,-0.00000,24.73251,-92.76245,-0.00000,102.00084,-95.34929,0.00000,191.00006,0.00000
0.84000,-148.05501,9.65938,108.21507,0.00000,26.64252,-92.76245,-0.00000,102.00091,-92.81560,0.00000,191.00006,0.00000
0.85000,-148.05501,10.67939,107.31618,0.00000,28.55252,-92.76245,-0.00000,102.00099,-89.88901,0.00000,191.00006,0.00000
0.86000,-148.05501,11.69940,106.45056,0.00000,30.46252,-92.76245,-0.00000,102.00106,-86.56121,0.00000,191.00006,0.00000
0.87000,-148.05501,12.71942,105.62233,0.00000,32.37252,-92.76245,-0.00000,102.00112,-82.82360,0.00000,191.00006,0.00000
0.88000,-148.05501,13.73943,104.83566,0.00000,34.28252,-92.76245,-0.00000,102.00119,-78.66713,0.00000,191.00006,0.00000
0.89000,-148.05501,14.75944,104.09484,0.00000,36.19252,-92.76245,-0.00000,102.00124,-74.08211,-0.00000,191.00006,0.00000
0.90000,-148.05501,15.77945,103.40426,-0.00000,38.10252,-92.76245,-0.00002,102.00128,-69.05799,-0.00000,191.00006,0.00000
0.91000,-148.05501,16.79946,102.76844,-0.00000,40.01252,-92.76245,0.00001,102.00035,-63.58140,0.00000,191.00008,-0.00000
0.92000,-148.05501,17.81763,102.19537,-0.00000,41.92252,-92.76245,0.00001,101.81697,-57.30680,0.00000,191.00008,-0.00000
0.93000,-148.05501,18.83142,101.69470,-0.00000,43.83252,-92.76245,0.00000,101.37948,-50.06747,0.00000,191.00008,0.00000
0.94000,-148.05501,19.83825,101.27659,-0.00000,45.74252,-92.76245,0.00000,100.68304,-41.81089,0.00000,191.00009,0.00000
0.95000,-148.05501,20.83551,100.95172,0.00000,47.65252,-92.76245,0.00000,99.72604,-32.48757,0.00000,191.00009,-0.00000
0.96000,-148.05501,21.82062,100.73119,0.00000,49.56252,-92.76245,0.00000,98.51096,-22.05260,0.00000,191.00009,0.00000
0.97000,-148.05501,22.79108,100.62652,-0.00000,51.47252,-92.76245,-0.00010,97.04538,-10.46737,-0.00000,191.00009,0.00000
0.98000,-148.05501,23.74451,100.64950,-0.00000,53.38253,-92.76245,0.00005,95.34333,2.29829,0.00000,191.00002,-0.00000
0.99000,-148.05501,24.66122,100.88562,0.00000,54.33662,-92.76245,0.00026,91.67142,23.61220,0.00001,95.40988,0.00000
1.00000,-148.05495,25.51259,101.45022,0.00004,52.92072,-92.76242,0.00642,85.13662,56.45991,0.00397,-141.59075,0.00296
